{"cameraMode":{"drawMode":0,"name":"Shaded","section":"Shading Mode"},"sceneLighting":false,"audioPlay":false,"sceneViewState":{"m_AlwaysRefresh":false,"showFog":true,"showSkybox":false,"showFlares":true,"showImageEffects":true,"showParticleSystems":true,"showVisualEffectGraphs":true,"m_FxEnabled":true},"in2DMode":false,"pivot":{"x":8.471105575561524,"y":0.7216169238090515,"z":5.917098045349121},"rotation":{"x":0.04337209090590477,"y":0.7625380158424377,"z":-0.053281258791685107,"w":0.6435333490371704},"size":0.6770676374435425,"orthographic":false}