{"cameraMode":{"drawMode":0,"name":"Shaded","section":"Shading Mode"},"sceneLighting":true,"audioPlay":false,"sceneViewState":{"m_AlwaysRefresh":false,"showFog":true,"showSkybox":true,"showFlares":true,"showImageEffects":true,"showParticleSystems":true,"showVisualEffectGraphs":true,"m_FxEnabled":true},"in2DMode":false,"pivot":{"x":29.167070388793947,"y":1.9075953960418702,"z":22.779956817626954},"rotation":{"x":0.22263528406620027,"y":0.4828491508960724,"z":-0.13007934391498567,"w":0.8371469974517822},"size":0.9671722054481506,"orthographic":false}